# From the webflow days
/about/us            /us/about-us/
/about/es            /es/about-us/
/about/au            /au/about-us/
/about               /about-us/
/stories/es          /es/success-stories/
/stories/au          /au/success-stories/
/stories/us          /us/success-stories/
/faqs/us             /us/support/faq/
/faqs/au             /au/support/faq/
/faqs/es             /es/support/faq/
/faqs                /support/faq/
/career/es           /es/careers/
/career/us           /us/careers/
/contact/contact-au  /au/get-funded/
/contact/us          /us/get-funded/
/contact/es          /es/get-funded/
/contact-2           /get-funded/
/usa                 /us/
/ca                  /us/
/uk                  /
/career              /careers/
/privacy-policy      /legal/privacy-policy/
/cookie-policy       /legal/cookie-policy/
/es/robots.txt       /robots.txt
/index.php           /
/faqs-2              /support/faq/
/get-funded-2        /get-funded/
/contact             /contact-us/

/blog/jcdecaux-nurture-partners-with-outfund    https://old.out.fund/blog/jcdecaux-nurture-partners-with-outfund
/blog/knowing-is-growing-customer-insights-will-be-key-in-the-new-normal    https://old.out.fund/blog/knowing-is-growing-customer-insights-will-be-key-in-the-new-normal
/blog/the-e-commerce-winners-and-losers-during-lockdown    https://old.out.fund/blog/the-e-commerce-winners-and-losers-during-lockdown
/blog/introducing-outfund    https://old.out.fund/blog/introducing-outfund
/post/introducing-outfund    https://old.out.fund/blog/introducing-outfund
/blog/the-best-ad-platforms-for-e-commerce    https://old.out.fund/blog/the-best-ad-platforms-for-e-commerce
/blog/what-kind-of-companies-do-we-fund    https://old.out.fund/blog/what-kind-of-companies-do-we-fund
/blog/bounce-back-loans    https://old.out.fund/blog/bounce-back-loans
/blog/the-future-fund    https://old.out.fund/blog/the-future-fund
/2021-black-friday-toolkit    /blog/2021-black-friday-toolkit/

/founder-referral-program    /referral-program/
/xero    https://old.out.fund/xero
/success-stori/our-subscriptions-are-now-at-an-all-time-high    /success-stories/lemonade-dolls/
/success-stori/onto    /success-stories/onto/

# Sitemaps
/sitemap_index.xml    /sitemap/sitemap-index.xml
/sitemap.xml    /sitemap/sitemap-index.xml
/sitemaps.xml    /sitemap/sitemap-index.xml

# Temp prestashop
/prestashop          https://old.out.fund/prestashop
/es/prestashop       https://old.out.fund/es/prestashop

# Redirect users in Spain to /es/
# /                         /es/                   302!  Country=es


# Redirect users in UK to /
# /us/                      /                      302!  Country=gb,ie
# /us/about-us/             /about-us/             302!  Country=gb,ie
# /us/how-funding-works/    /how-funding-works/    302!  Country=gb,ie
# /us/success-stories/      /success-stories/      302!  Country=gb,ie
# /us/support/faq/          /support/faq/          302!  Country=gb,ie
# /us/get-funded/           /get-funded/           302!  Country=gb,ie
# /us/partners/             /partners/             302!  Country=gb,ie
# /us/contact-us/           /contact-us/           302!  Country=gb,ie
# /us/referral-program/     /referral-program/     302!  Country=gb,ie

# /au/                      /                      302!  Country=gb,ie
# /au/about-us/             /about-us/             302!  Country=gb,ie
# /au/how-funding-works/    /how-funding-works/    302!  Country=gb,ie
# /au/success-stories/      /success-stories/      302!  Country=gb,ie
# /au/support/faq/          /support/faq/          302!  Country=gb,ie
# /au/get-funded/           /get-funded/           302!  Country=gb,ie
# /au/partners/             /partners/             302!  Country=gb,ie
# /au/contact-us/           /contact-us/           302!  Country=gb,ie
# /au/referral-program/     /referral-program/     302!  Country=gb,ie

# /es/                      /                      302!  Country=gb,ie
# /es/about-us/             /about-us/             302!  Country=gb,ie
# /es/how-funding-works/    /how-funding-works/    302!  Country=gb,ie
# /es/success-stories/      /success-stories/      302!  Country=gb,ie
# /es/support/faq/          /support/faq/          302!  Country=gb,ie
# /es/get-funded/           /get-funded/           302!  Country=gb,ie
# /es/partners/             /partners/             302!  Country=gb,ie
# /es/contact-us/           /contact-us/           302!  Country=gb,ie
# /es/referral-program/     /referral-program/     302!  Country=gb,ie


# # Redirect users in AU to /au/
# /us/                      /au/                   302!  Country=au
# /us/about-us/             /au/about-us/          302!  Country=au
# /us/how-funding-works/    /au/how-funding-works  302!  Country=au
# /us/success-stories/      /au/success-stories/   302!  Country=au
# /us/support/faq/          /au/support/faq/       302!  Country=au
# /us/get-funded/           /au/get-funded/        302!  Country=au
# /us/partners/             /au/partners/          302!  Country=au
# /us/contact-us/           /au/contact-us/        302!  Country=au
# /us/referral-program/     /au/referral-program/  302!  Country=au

# /                         /au/                   302!  Country=au
# /about-us/                /au/about-us/          302!  Country=au
# /how-funding-works/       /au/how-funding-works  302!  Country=au
# /success-stories/         /au/success-stories/   302!  Country=au
# /support/faq/             /au/support/faq/       302!  Country=au
# /get-funded/              /au/get-funded/        302!  Country=au
# /partners/                /au/partners/          302!  Country=au
# /contact-us/              /au/contact-us/        302!  Country=au
# /referral-program/        /au/referral-program/  302!  Country=au

# /es/                      /au/                   302!  Country=au
# /es/about-us/             /au/about-us/          302!  Country=au
# /es/how-funding-works/    /au/how-funding-works  302!  Country=au
# /es/success-stories/      /au/success-stories/   302!  Country=au
# /es/support/faq/          /au/support/faq/       302!  Country=au
# /es/get-funded/           /au/get-funded/        302!  Country=au
# /es/partners/             /au/partners/          302!  Country=au
# /es/contact-us/           /au/contact-us/        302!  Country=au
# /es/referral-program/     /au/referral-program/  302!  Country=au


# Redirect users in US and CA to /us/
# /                         /us/                   302!  Country=us,ca
# /about-us/                /us/about-us/          302!  Country=us,ca
# /how-funding-works/       /us/how-funding-works  302!  Country=us,ca
# /success-stories/         /us/success-stories/   302!  Country=us,ca
# /support/faq/             /us/support/faq/       302!  Country=us,ca
# /get-funded/              /us/get-funded/        302!  Country=us,ca
# /partners/                /us/partners/          302!  Country=us,ca
# /contact-us/              /us/contact-us/        302!  Country=us,ca
# /referral-program/        /us/referral-program/  302!  Country=us,ca

# /au/                      /us/                   302!  Country=us,ca
# /au/about-us/             /us/about-us/          302!  Country=us,ca
# /au/how-funding-works/    /us/how-funding-works/ 302!  Country=us,ca
# /au/success-stories/      /us/success-stories/   302!  Country=us,ca
# /au/support/faq/          /us/support/faq/       302!  Country=us,ca
# /au/get-funded/           /us/get-funded/        302!  Country=us,ca
# /au/partners/             /us/partners/          302!  Country=us,ca
# /au/contact-us/           /us/contact-us/        302!  Country=us,ca
# /au/referral-program/     /us/referral-program/  302!  Country=us,ca

# /es/                      /us/                   302!  Country=us,ca
# /es/about-us/             /us/about-us/          302!  Country=us,ca
# /es/how-funding-works/    /us/how-funding-works/ 302!  Country=us,ca
# /es/success-stories/      /us/success-stories/   302!  Country=us,ca
# /es/support/faq/          /us/support/faq/       302!  Country=us,ca
# /es/get-funded/           /us/get-funded/        302!  Country=us,ca
# /es/partners/             /us/partners/          302!  Country=us,ca
# /es/contact-us/           /us/contact-us/        302!  Country=us,ca
# /es/referral-program/     /us/referral-program/  302!  Country=us,ca


# New countries landing pages

# /fr/      /     302!
# /dk/      /     302!
# /ro/      /     302!
# /cz/      /     302!
# /nl/      /     302!
# /hu/      /     302!
# /it/      /     302!
# /pt/      /     302!
# /de/      /     302!
# /pl/      /     302!
# /se/      /     302!
# /fr-be/   /     302!
# /nl-be/   /     302!
# /lt/   /     302!

# /fr/get-funded-eu/      /     302!
# /dk/get-funded-eu/      /     302!
# /ro/get-funded-eu/      /     302!
# /cz/get-funded-eu/      /     302!
# /nl/get-funded-eu/      /     302!
# /hu/get-funded-eu/      /     302!
# /it/get-funded-eu/      /     302!
# /pt/get-funded-eu/      /     302!
# /de/get-funded-eu/      /     302!
# /pl/get-funded-eu/      /     302!
# /se/get-funded-eu/      /     302!
# /fr-be/get-funded-eu/   /     302!
# /nl-be/get-funded-eu/   /     302!
# /lt/get-funded-eu/   /     302!

# /fr/thank-you/       /      302!
# /dk/thank-you/       /      302!
# /ro/thank-you/       /      302!
# /cz/thank-you/       /      302!
# /nl/thank-you/       /      302!
# /hu/thank-you/       /      302!
# /it/thank-you/       /      302!
# /pt/thank-you/       /      302!
# /de/thank-you/       /      302!
# /pl/thank-you/       /      302!
# /se/thank-you/       /      302!
# /fr-be/thank-you/    /      302!
# /nl-be/thank-you/    /      302!
# /lt/thank-you/    /      302!
